[{"id":"user-image-logo.gif","publicUrl":"np://user.desktop.nicepage.com/Site_3055911241/images/logo.gif","size":856087,"hash":"Jhp1Sd1KVUl3SbzpofqVk6OmPw4=","fileName":"logo.gif","name":"logo","width":480,"height":480,"thumbnail":{"url":"np://user.desktop.nicepage.com/Site_3055911241/images/logo.gif","width":250,"height":250},"folderId":null,"usages":[]},{"id":"user-image-descarga21.jpeg","publicUrl":"np://user.desktop.nicepage.com/Site_3055911241/images/descarga21.jpeg","size":52374,"hash":"lY0dbDf2AABFVsiVCz1ZzdIw/KU=","fileName":"descarga21.jpeg","name":"descarga21","width":736,"height":1104,"thumbnail":{"url":"np://user.desktop.nicepage.com/Site_3055911241/images/thumbnails/descarga21.jpeg","width":167,"height":250},"folderId":null,"usages":["274549090","2531917778"]},{"id":"user-image-1384031.png","publicUrl":"np://user.desktop.nicepage.com/Site_3055911241/images/1384031.png","size":3714,"hash":"nZpf0VwBoyj2KZ14W22t7dMPwk4=","fileName":"1384031.png","name":"1384031","width":128,"height":128,"thumbnail":{"url":"np://user.desktop.nicepage.com/Site_3055911241/images/thumbnails/1384031.png","width":128,"height":128,"length":3714,"type":"png"},"folderId":null,"usages":[]},{"id":"user-image-SHOPNOW11.gif","publicUrl":"np://user.desktop.nicepage.com/Site_3055911241/images/SHOPNOW11.gif","size":42145,"hash":"g7vbJG3ouCDQfESR2n0/IB7wUtw=","fileName":"SHOPNOW11.gif","name":"SHOPNOW11","width":355,"height":120,"thumbnail":{"url":"np://user.desktop.nicepage.com/Site_3055911241/images/SHOPNOW11.gif","width":250,"height":85},"folderId":null,"usages":[]},{"id":"user-image-BebCazadoradeuniversidadconparchedeletraribetederayas.jpeg","publicUrl":"np://user.desktop.nicepage.com/Site_3055911241/images/BebCazadoradeuniversidadconparchedeletraribetederayas.jpeg","size":148684,"hash":"6uZwqmWmWuZkT1ESKBkKYkZcKMg=","fileName":"BebCazadoradeuniversidadconparchedeletraribetederayas.jpeg","name":"BebCazadoradeuniversidadconparchedeletraribetederayas","width":736,"height":980,"thumbnail":{"url":"np://user.desktop.nicepage.com/Site_3055911241/images/thumbnails/BebCazadoradeuniversidadconparchedeletraribetederayas.jpeg","width":188,"height":250},"folderId":null,"usages":["2531917778","274549090"]},{"id":"user-image-descarga2.jpeg","publicUrl":"np://user.desktop.nicepage.com/Site_3055911241/images/descarga2.jpeg","size":10934,"hash":"oM+puJqeOGYrvCC2pwYbwkhEt34=","fileName":"descarga2.jpeg","name":"descarga2","width":390,"height":585,"thumbnail":{"url":"np://user.desktop.nicepage.com/Site_3055911241/images/thumbnails/descarga2.jpeg","width":167,"height":250},"folderId":null,"usages":["2531917778","274549090"]},{"id":"user-image-LogoModaFemeninaMinimalistaNegroyRosa.jpg","publicUrl":"np://user.desktop.nicepage.com/Site_3055911241/images/LogoModaFemeninaMinimalistaNegroyRosa.jpg","size":17701,"hash":"jcUPFcTpwRJSsRl44YxcEAPFOxI=","fileName":"LogoModaFemeninaMinimalistaNegroyRosa.jpg","name":"LogoModaFemeninaMinimalistaNegroyRosa","width":500,"height":500,"thumbnail":{"url":"np://user.desktop.nicepage.com/Site_3055911241/images/thumbnails/LogoModaFemeninaMinimalistaNegroyRosa.jpg","width":250,"height":250},"folderId":null,"usages":["2531917778"]},{"id":"user-image-descarga1.jpeg","publicUrl":"np://user.desktop.nicepage.com/Site_3055911241/images/descarga1.jpeg","size":93789,"hash":"PY50ufnfj8URxAEoF6v7ZucWy6I=","fileName":"descarga1.jpeg","name":"descarga1","width":736,"height":736,"thumbnail":{"url":"np://user.desktop.nicepage.com/Site_3055911241/images/thumbnails/descarga1.jpeg","width":250,"height":250},"folderId":null,"usages":["2531917778"]},{"id":"user-image-MinhaMelhorAmigaVanessaLopes-Pausada_BabyGirlOutfit.jpeg","publicUrl":"np://user.desktop.nicepage.com/Site_3055911241/images/MinhaMelhorAmigaVanessaLopes-Pausada_BabyGirlOutfit.jpeg","size":159030,"hash":"WQvD6PV+eXTyoKX/HqDZvzPWZJg=","fileName":"MinhaMelhorAmigaVanessaLopes-Pausada_BabyGirlOutfit.jpeg","name":"MinhaMelhorAmigaVanessaLopes-Pausada_BabyGirlOutfit","width":736,"height":973,"thumbnail":{"url":"np://user.desktop.nicepage.com/Site_3055911241/images/thumbnails/MinhaMelhorAmigaVanessaLopes-Pausada_BabyGirlOutfit.jpeg","width":189,"height":250},"folderId":null,"usages":["274549090"]},{"id":"user-image-BoysNextTanBrown_KhakiGreen4PackRelaxedFitShortSleeveT-Shirts3-16yrs-Brown.jpeg","publicUrl":"np://user.desktop.nicepage.com/Site_3055911241/images/BoysNextTanBrown_KhakiGreen4PackRelaxedFitShortSleeveT-Shirts3-16yrs-Brown.jpeg","size":55050,"hash":"nwLDHxy43JHuYsFuIqWH4xtPY0w=","fileName":"BoysNextTanBrown_KhakiGreen4PackRelaxedFitShortSleeveT-Shirts3-16yrs-Brown.jpeg","name":"BoysNextTanBrown_KhakiGreen4PackRelaxedFitShortSleeveT-Shirts3-16yrs-Brown","width":736,"height":1104,"thumbnail":{"url":"np://user.desktop.nicepage.com/Site_3055911241/images/thumbnails/BoysNextTanBrown_KhakiGreen4PackRelaxedFitShortSleeveT-Shirts3-16yrs-Brown.jpeg","width":167,"height":250},"folderId":null,"usages":["274549090","1144309928"]},{"id":"user-image-Hombres3piezasCamisetabsicaunicolor.jpeg","publicUrl":"np://user.desktop.nicepage.com/Site_3055911241/images/Hombres3piezasCamisetabsicaunicolor.jpeg","size":26025,"hash":"OD9owZcKJdyIDduuFIJX4yDdkeo=","fileName":"Hombres3piezasCamisetabsicaunicolor.jpeg","name":"Hombres3piezasCamisetabsicaunicolor","width":736,"height":980,"thumbnail":{"url":"np://user.desktop.nicepage.com/Site_3055911241/images/thumbnails/Hombres3piezasCamisetabsicaunicolor.jpeg","width":188,"height":250},"folderId":null,"usages":["1144309928"]},{"id":"user-image-Luxuryfashionindependentdesigners_SSENSE.jpeg","publicUrl":"np://user.desktop.nicepage.com/Site_3055911241/images/Luxuryfashionindependentdesigners_SSENSE.jpeg","size":51723,"hash":"RgHsDQtJ6wbZSPi07jtfDnDSJ18=","fileName":"Luxuryfashionindependentdesigners_SSENSE.jpeg","name":"Luxuryfashionindependentdesigners_SSENSE","width":600,"height":600,"thumbnail":{"url":"np://user.desktop.nicepage.com/Site_3055911241/images/thumbnails/Luxuryfashionindependentdesigners_SSENSE.jpeg","width":250,"height":250},"folderId":null,"usages":["274549090"]},{"id":"user-image--Shortbodycondresses.jpeg","publicUrl":"np://user.desktop.nicepage.com/Site_3055911241/images/-Shortbodycondresses.jpeg","size":92662,"hash":"V6UshKxc8QoycDMxnpybRb8KaGc=","fileName":"-Shortbodycondresses.jpeg","name":"-Shortbodycondresses","width":618,"height":720,"thumbnail":{"url":"np://user.desktop.nicepage.com/Site_3055911241/images/thumbnails/-Shortbodycondresses.jpeg","width":215,"height":250},"folderId":null,"usages":["2531917778"]},{"id":"user-image-Ropaalavista.jpeg","publicUrl":"np://user.desktop.nicepage.com/Site_3055911241/images/Ropaalavista.jpeg","size":95247,"hash":"PYx8mGEVQs5dyQtfuewQ1xaXm20=","fileName":"Ropaalavista.jpeg","name":"Ropaalavista","width":678,"height":1023,"thumbnail":{"url":"np://user.desktop.nicepage.com/Site_3055911241/images/thumbnails/Ropaalavista.jpeg","width":166,"height":250},"folderId":null,"usages":["2531917778"]},{"id":"user-image-PinonIgshit.jpeg","publicUrl":"np://user.desktop.nicepage.com/Site_3055911241/images/PinonIgshit.jpeg","size":85485,"hash":"EwUfMWzkc7XJZ0SPBx6Osy3Atow=","fileName":"PinonIgshit.jpeg","name":"PinonIgshit","width":564,"height":1065,"thumbnail":{"url":"np://user.desktop.nicepage.com/Site_3055911241/images/thumbnails/PinonIgshit.jpeg","width":132,"height":250},"folderId":null,"usages":["2531917778"]},{"id":"user-image-koreanoutfitinspo.jpeg","publicUrl":"np://user.desktop.nicepage.com/Site_3055911241/images/koreanoutfitinspo.jpeg","size":44301,"hash":"xFeLOcHhTHt8Hgeqnhw9kvXs9o0=","fileName":"koreanoutfitinspo.jpeg","name":"koreanoutfitinspo","width":736,"height":920,"thumbnail":{"url":"np://user.desktop.nicepage.com/Site_3055911241/images/thumbnails/koreanoutfitinspo.jpeg","width":200,"height":250},"folderId":null,"usages":["2531917778"]},{"id":"user-image-SHOPNOW1.gif","publicUrl":"np://user.desktop.nicepage.com/Site_3055911241/images/SHOPNOW1.gif","size":275036,"hash":"V8lQ+FdNSU/CaRCSHW+mho3ptKQ=","fileName":"SHOPNOW1.gif","name":"SHOPNOW1","width":355,"height":120,"thumbnail":{"url":"np://user.desktop.nicepage.com/Site_3055911241/images/SHOPNOW1.gif","width":250,"height":85},"folderId":null,"usages":["2531917778"]}]