[{"id":27326760,"title":"Blog Template","order":1,"templateKey":"blog","customTemplate":false,"customTemplateFilename":null,"pageLinks":["6","5","4"],"dateCreated":"2023-11-30T04:56:15.057Z","dateUpdated":"2023-12-02T18:01:18.103Z","folderId":null,"pageName":"Blog Template","serverPageId":null,"sectionCount":1,"status":2,"backwardUrl":null},{"id":50810229,"title":"Post Template","order":2,"templateKey":"post","customTemplate":false,"customTemplateFilename":null,"pageLinks":[],"dateCreated":"2023-11-30T04:56:15.192Z","dateUpdated":"2023-12-03T06:30:24.084Z","folderId":null,"pageName":"Post Template","serverPageId":null,"sectionCount":1,"status":2,"backwardUrl":null},{"id":274549090,"title":"Product List Template","order":3,"templateKey":"products","customTemplate":false,"customTemplateFilename":null,"pageLinks":[],"dateCreated":"2023-11-30T04:56:15.326Z","dateUpdated":"2023-12-03T06:29:40.647Z","folderId":null,"pageName":"Product List Template","serverPageId":null,"sectionCount":1,"status":2,"backwardUrl":null},{"id":1144309928,"title":"Product Details Template","order":4,"templateKey":"product","customTemplate":false,"customTemplateFilename":null,"pageLinks":[],"dateCreated":"2023-11-30T04:56:15.475Z","dateUpdated":"2023-12-03T06:25:51.450Z","folderId":null,"pageName":"Product Details Template","serverPageId":null,"sectionCount":1,"status":2,"backwardUrl":null},{"id":280523477,"title":"Shopping Cart Template","order":5,"templateKey":"cart","customTemplate":false,"customTemplateFilename":null,"pageLinks":[],"dateCreated":"2023-11-30T04:56:15.609Z","dateUpdated":"2023-12-02T18:27:03.291Z","folderId":null,"pageName":"Shopping Cart Template","serverPageId":null,"sectionCount":1,"status":2,"backwardUrl":null},{"id":61424839,"title":"Checkout Template","order":6,"templateKey":"checkout","customTemplate":false,"customTemplateFilename":null,"pageLinks":[],"dateCreated":"2023-11-30T04:56:15.844Z","dateUpdated":"2023-11-30T04:56:16.891Z","folderId":null,"pageName":"Checkout Template","serverPageId":null,"sectionCount":1,"status":2,"backwardUrl":null},{"id":115137318,"title":"Login Template","order":7,"templateKey":"login","customTemplate":false,"customTemplateFilename":null,"pageLinks":[],"dateCreated":"2023-11-30T04:56:15.956Z","dateUpdated":"2023-12-02T18:30:14.216Z","folderId":null,"pageName":"Login Template","serverPageId":null,"sectionCount":1,"status":2,"backwardUrl":null},{"id":2169016358,"title":"Page Password Template","order":8,"templateKey":"password","customTemplate":false,"customTemplateFilename":null,"pageLinks":[],"dateCreated":"2023-11-30T04:56:16.038Z","dateUpdated":"2023-11-30T04:56:16.892Z","folderId":null,"pageName":"Page Password Template","serverPageId":null,"sectionCount":1,"status":2,"backwardUrl":null},{"id":2019455,"title":"404 Not Found Template","order":9,"templateKey":"404","customTemplate":false,"customTemplateFilename":null,"pageLinks":[],"dateCreated":"2023-11-30T04:56:16.119Z","dateUpdated":"2023-11-30T04:56:16.892Z","folderId":null,"pageName":"404 Not Found Template","serverPageId":null,"sectionCount":1,"status":2,"backwardUrl":null},{"id":317027104,"title":"Thank You Page Template","order":10,"templateKey":"ThankYou","customTemplate":false,"customTemplateFilename":null,"pageLinks":[],"dateCreated":"2023-11-30T04:56:16.221Z","dateUpdated":"2023-11-30T04:56:16.892Z","folderId":null,"pageName":"Thank You Page Template","serverPageId":null,"sectionCount":1,"status":2,"backwardUrl":null},{"id":2531917778,"title":"Inicio","order":100,"templateKey":null,"customTemplate":false,"customTemplateFilename":null,"pageLinks":[],"dateCreated":"2023-11-30T04:56:16.269Z","dateUpdated":"2023-12-05T00:05:22.608Z","folderId":null,"pageName":"Inicio_2531917778","serverPageId":null,"sectionCount":3,"status":2,"backwardUrl":null},{"id":204121991,"title":"Contacto","order":101,"templateKey":null,"customTemplate":false,"customTemplateFilename":null,"pageLinks":[],"dateCreated":"2023-11-30T04:56:16.312Z","dateUpdated":"2023-12-05T01:08:12.199Z","folderId":null,"pageName":"Contacto_204121991","serverPageId":null,"sectionCount":1,"status":2,"backwardUrl":null},{"id":2017529495,"title":"Página 1","order":102,"templateKey":null,"customTemplate":false,"customTemplateFilename":null,"pageLinks":[],"dateCreated":"2023-12-02T17:56:16.956Z","dateUpdated":"2023-12-02T18:12:45.628Z","folderId":null,"pageName":"Página 1_2017529495","serverPageId":null,"sectionCount":1,"status":2,"backwardUrl":null}]