{"products":[{"id":"3","name":"vestido","title":"VESTIDO","description":"Lindo vestido elegante, disponible en S, M, L","price":"50","oldPrice":"","quantity":1,"currency":"USD","sku":"","outOfStock":false,"categories":[],"images":[{"url":"np://user.desktop.nicepage.com/Site_3055911241/images/descarga21.jpeg?rand=1504"},{"url":"np://user.desktop.nicepage.com/Site_3055911241/images/descarga3.jpeg?rand=94a3"},{"url":"np://user.desktop.nicepage.com/Site_3055911241/images/descarga4.jpeg?rand=6522"}],"created":1701540694506,"updated":1701540694506,"isDefault":false},{"id":"2","name":"chaqueta-de-beb-","title":"CHAQUETA DE BEBÉ","description":"Una linda chaqueta par abrigar a tu bebé, muy acogedora y abrigradora.","price":"20","oldPrice":"","quantity":1,"currency":"USD","sku":"","outOfStock":false,"categories":[],"images":[{"url":"np://user.desktop.nicepage.com/Site_3055911241/images/BebCazadoradeuniversidadconparchedeletraribetederayas.jpeg?rand=4310"},{"url":"np://user.desktop.nicepage.com/Site_3055911241/images/BebCazadoratipobomberconparchedeletraconforrotrmicoconpantalonesdeportivos.jpeg?rand=c55f"},{"url":"np://user.desktop.nicepage.com/Site_3055911241/images/TrajesDeBloqueDeColorGrficoDeSignoDeModaParaBebPequeoChaquetaDeBisbolConCapuchaClidaPantalonesDeAbrigoConjuntoInformal.jpeg?rand=a31f"}],"created":1701537553563,"updated":1701537566721,"isDefault":false},{"id":"1","name":"pantal-n-de-tela","title":"PANTALÓN DE TELA","description":"Pantalón de tela, tiro alto, amolda el cuerpo y muy formal para lucir.","price":"30","oldPrice":"","quantity":1,"currency":"USD","sku":"","outOfStock":false,"categories":[],"images":[{"url":"np://user.desktop.nicepage.com/Site_3055911241/images/descarga2.jpeg?rand=b62b"},{"url":"np://user.desktop.nicepage.com/Site_3055911241/images/descarga11.jpeg?rand=a97c"},{"url":"np://user.desktop.nicepage.com/Site_3055911241/images/NanushkaCleoCrepeWide-LegPants.jpeg?rand=a7f7"}],"created":1701537197405,"updated":1701537197405,"isDefault":false},{"id":"6","name":"corset","title":"CORSET","description":"Un bello corset, resalta tu figura, para crear looks muy llamativos. 3 colores  muy lindos.","price":"15","oldPrice":"20","quantity":1,"currency":"USD","sku":"","outOfStock":false,"categories":[],"images":[{"url":"np://user.desktop.nicepage.com/Site_3055911241/images/Luxuryfashionindependentdesigners_SSENSE.jpeg?rand=bac6"},{"url":"np://user.desktop.nicepage.com/Site_3055911241/images/WeddingUnderwearShapewearMSS10001-Black_M.jpeg?rand=635b"},{"url":"np://user.desktop.nicepage.com/Site_3055911241/images/FloralCorsetLingerieBustierMedium.jpeg?rand=c1d1"}],"created":1701320177427,"updated":1701536046124,"isDefault":true},{"id":"5","name":"camisas-de-hombre","title":"CAMISAS de HOMBRE","description":"Camisetas básicas para que luzcan y creen looks. Fáciles de combinar y muy lindas\n","price":"24","oldPrice":"30","quantity":1,"currency":"USD","sku":"","outOfStock":false,"categories":[],"images":[{"url":"np://user.desktop.nicepage.com/Site_3055911241/images/BoysNextTanBrown_KhakiGreen4PackRelaxedFitShortSleeveT-Shirts3-16yrs-Brown.jpeg?rand=3683"},{"url":"np://user.desktop.nicepage.com/Site_3055911241/images/Hombres3piezasCamisetabsicaunicolor.jpeg?rand=1132"}],"created":1701320177414,"updated":1701536075192,"isDefault":true},{"id":"4","name":"ropa-para-beb-","title":"ROPA PARA BEBÉ","description":"Vestidos de bebé, para que tu linda bebé luzca esplendida. ","price":"19","oldPrice":"25","quantity":1,"currency":"USD","sku":"","outOfStock":false,"categories":[],"images":[{"url":"np://user.desktop.nicepage.com/Site_3055911241/images/MinhaMelhorAmigaVanessaLopes-Pausada_BabyGirlOutfit.jpeg?rand=d035"},{"url":"np://user.desktop.nicepage.com/Site_3055911241/images/BabyTwoTonePleated2In1Dress.jpeg?rand=8689"}],"created":1701320177397,"updated":1701536108475,"isDefault":true}],"categories":[]}